INSERT INTO SEMANTIC (ID, NAME) VALUES (1, 'ClosedLocation');
INSERT INTO SEMANTIC (ID, NAME) VALUES (2, 'OpenLocation');
INSERT INTO SEMANTIC (ID, NAME) VALUES (3, 'Location');
INSERT INTO SEMANTIC (ID, NAME) VALUES (4, 'Attribute');
INSERT INTO SEMANTIC (ID, NAME) VALUES (5, 'EatingAction');
INSERT INTO SEMANTIC (ID, NAME) VALUES (6, 'Person');
INSERT INTO SEMANTIC (ID, NAME) VALUES (7, 'Food');
INSERT INTO SEMANTIC (ID, NAME) VALUES (8, 'Animal');
INSERT INTO SEMANTIC (ID, NAME) VALUES (9, 'Vegetal');
INSERT INTO SEMANTIC (ID, NAME) VALUES (10, 'Furniture');
INSERT INTO SEMANTIC (ID, NAME) VALUES (11, 'SleepingAction');
INSERT INTO SEMANTIC (ID, NAME) VALUES (12, 'DrinkingAction');
INSERT INTO SEMANTIC (ID, NAME) VALUES (13, 'Beverage');
INSERT INTO SEMANTIC (ID, NAME) VALUES (14, 'Object');
INSERT INTO SEMANTIC (ID, NAME) VALUES (15, 'BeingAction');
INSERT INTO SEMANTIC (ID, NAME) VALUES (16, 'Clothing');
INSERT INTO SEMANTIC (ID, NAME) VALUES (17, 'Toy');
INSERT INTO SEMANTIC (ID, NAME) VALUES (18, 'Transport');

-- VERBS
INSERT INTO TYPE (ID, BASEFORM, POS) VALUES (1, 'sleep', 'verb');
INSERT INTO TYPE (ID, BASEFORM, POS) VALUES (2, 'be', 'verb');
INSERT INTO TYPE (ID, BASEFORM, POS) VALUES (3, 'eat', 'verb');
INSERT INTO TYPE (ID, BASEFORM, POS) VALUES (4, 'drink', 'verb');
-- NOUNS
INSERT INTO TYPE (ID, BASEFORM, POS) VALUES (5, 'bed', 'noun');
INSERT INTO TYPE (ID, BASEFORM, POS) VALUES (6, 'mommy', 'noun');
INSERT INTO TYPE (ID, BASEFORM, POS) VALUES (7, 'egg', 'noun');
INSERT INTO TYPE (ID, BASEFORM, POS) VALUES (8, 'book', 'noun');
INSERT INTO TYPE (ID, BASEFORM, POS) VALUES (9, 'truck', 'noun');
INSERT INTO TYPE (ID, BASEFORM, POS) VALUES (10, 'box', 'noun');
INSERT INTO TYPE (ID, BASEFORM, POS) VALUES (11, 'cow', 'noun');
INSERT INTO TYPE (ID, BASEFORM, POS) VALUES (12, 'house', 'noun');
INSERT INTO TYPE (ID, BASEFORM, POS) VALUES (13, 'boy', 'noun');
INSERT INTO TYPE (ID, BASEFORM, POS) VALUES (14, 'pie', 'noun');
INSERT INTO TYPE (ID, BASEFORM, POS) VALUES (15, 'we', 'noun');
INSERT INTO TYPE (ID, BASEFORM, POS) VALUES (16, 'tea', 'noun');
INSERT INTO TYPE (ID, BASEFORM, POS) VALUES (17, 'apple', 'noun');
INSERT INTO TYPE (ID, BASEFORM, POS) VALUES (18, 'ball', 'noun');
INSERT INTO TYPE (ID, BASEFORM, POS) VALUES (19, 'car', 'noun');
INSERT INTO TYPE (ID, BASEFORM, POS) VALUES (20, 'cake', 'noun');
INSERT INTO TYPE (ID, BASEFORM, POS) VALUES (21, 'cat', 'noun');
INSERT INTO TYPE (ID, BASEFORM, POS) VALUES (22, 'hat', 'noun');
INSERT INTO TYPE (ID, BASEFORM, POS) VALUES (23, 'man', 'noun');
INSERT INTO TYPE (ID, BASEFORM, POS) VALUES (24, 'shoe', 'noun');
INSERT INTO TYPE (ID, BASEFORM, POS) VALUES (25, 'you', 'noun');
INSERT INTO TYPE (ID, BASEFORM, POS) VALUES (26, 'train', 'noun');
INSERT INTO TYPE (ID, BASEFORM, POS) VALUES (27, 'toy', 'noun');
INSERT INTO TYPE (ID, BASEFORM, POS) VALUES (28, 'chair', 'noun');
INSERT INTO TYPE (ID, BASEFORM, POS) VALUES (29, 'milk', 'noun');
INSERT INTO TYPE (ID, BASEFORM, POS) VALUES (30, 'i', 'noun');
INSERT INTO TYPE (ID, BASEFORM, POS) VALUES (31, 'juice', 'noun');
INSERT INTO TYPE (ID, BASEFORM, POS) VALUES (32, 'water', 'noun');
INSERT INTO TYPE (ID, BASEFORM, POS) VALUES (33, 'orange', 'noun');
INSERT INTO TYPE (ID, BASEFORM, POS) VALUES (34, 'horse', 'noun');
INSERT INTO TYPE (ID, BASEFORM, POS) VALUES (35, 'she', 'noun');
INSERT INTO TYPE (ID, BASEFORM, POS) VALUES (36, 'daddy', 'noun');
INSERT INTO TYPE (ID, BASEFORM, POS) VALUES (37, 'fish', 'noun');
INSERT INTO TYPE (ID, BASEFORM, POS) VALUES (38, 'baby', 'noun');
INSERT INTO TYPE (ID, BASEFORM, POS) VALUES (39, 'bridge', 'noun');
INSERT INTO TYPE (ID, BASEFORM, POS) VALUES (40, 'dog', 'noun');
INSERT INTO TYPE (ID, BASEFORM, POS) VALUES (41, 'he', 'noun');
-- ADJ
INSERT INTO TYPE (ID, BASEFORM, POS) VALUES (42, 'orange', 'adj');
INSERT INTO TYPE (ID, BASEFORM, POS) VALUES (43, 'red', 'adj');
INSERT INTO TYPE (ID, BASEFORM, POS) VALUES (44, 'big', 'adj');
INSERT INTO TYPE (ID, BASEFORM, POS) VALUES (45, 'green', 'adj');
INSERT INTO TYPE (ID, BASEFORM, POS) VALUES (46, 'round', 'adj');
INSERT INTO TYPE (ID, BASEFORM, POS) VALUES (47, 'blue', 'adj');
INSERT INTO TYPE (ID, BASEFORM, POS) VALUES (48, 'yellow', 'adj');
INSERT INTO TYPE (ID, BASEFORM, POS) VALUES (49, 'hot', 'adj');

-- VERBS
INSERT INTO PROPLET (ID, SUR, CORE) VALUES (1, 'sleep', 'sleep');
INSERT INTO PROPLET (ID, SUR, CORE) VALUES (2, 'be', 'be');
INSERT INTO PROPLET (ID, SUR, CORE) VALUES (3, 'eat', 'eat');
INSERT INTO PROPLET (ID, SUR, CORE) VALUES (4, 'drink', 'drink');
-- NOUNS
INSERT INTO PROPLET (ID, SUR, CORE) VALUES (5, 'bed', 'bed');
INSERT INTO PROPLET (ID, SUR, CORE) VALUES (6, 'mommy', 'mommy');
INSERT INTO PROPLET (ID, SUR, CORE) VALUES (7, 'egg', 'egg');
INSERT INTO PROPLET (ID, SUR, CORE) VALUES (8, 'book', 'book');
INSERT INTO PROPLET (ID, SUR, CORE) VALUES (9, 'truck', 'truck');
INSERT INTO PROPLET (ID, SUR, CORE) VALUES (10, 'box', 'box');
INSERT INTO PROPLET (ID, SUR, CORE) VALUES (11, 'cow', 'cow');
INSERT INTO PROPLET (ID, SUR, CORE) VALUES (12, 'house', 'house');
INSERT INTO PROPLET (ID, SUR, CORE) VALUES (13, 'boy', 'boy');
INSERT INTO PROPLET (ID, SUR, CORE) VALUES (14, 'pie', 'pie');
INSERT INTO PROPLET (ID, SUR, CORE) VALUES (15, 'we', 'we');
INSERT INTO PROPLET (ID, SUR, CORE) VALUES (16, 'tea', 'tea');
INSERT INTO PROPLET (ID, SUR, CORE) VALUES (17, 'apple', 'apple');
INSERT INTO PROPLET (ID, SUR, CORE) VALUES (18, 'ball', 'ball');
INSERT INTO PROPLET (ID, SUR, CORE) VALUES (19, 'car', 'car');
INSERT INTO PROPLET (ID, SUR, CORE) VALUES (20, 'cake', 'cake');
INSERT INTO PROPLET (ID, SUR, CORE) VALUES (21, 'cat', 'cat');
INSERT INTO PROPLET (ID, SUR, CORE) VALUES (22, 'hat', 'hat');
INSERT INTO PROPLET (ID, SUR, CORE) VALUES (23, 'man', 'man');
INSERT INTO PROPLET (ID, SUR, CORE) VALUES (24, 'shoe', 'shoe');
INSERT INTO PROPLET (ID, SUR, CORE) VALUES (25, 'you', 'you');
INSERT INTO PROPLET (ID, SUR, CORE) VALUES (26, 'train', 'train');
INSERT INTO PROPLET (ID, SUR, CORE) VALUES (27, 'toy', 'toy');
INSERT INTO PROPLET (ID, SUR, CORE) VALUES (28, 'chair', 'chair');
INSERT INTO PROPLET (ID, SUR, CORE) VALUES (29, 'milk', 'milk');
INSERT INTO PROPLET (ID, SUR, CORE) VALUES (30, 'i', 'i');
INSERT INTO PROPLET (ID, SUR, CORE) VALUES (31, 'juice', 'juice');
INSERT INTO PROPLET (ID, SUR, CORE) VALUES (32, 'water', 'water');
INSERT INTO PROPLET (ID, SUR, CORE) VALUES (33, 'orange', 'orange');
INSERT INTO PROPLET (ID, SUR, CORE) VALUES (34, 'horse', 'horse');
INSERT INTO PROPLET (ID, SUR, CORE) VALUES (35, 'she', 'she');
INSERT INTO PROPLET (ID, SUR, CORE) VALUES (36, 'daddy', 'daddy');
INSERT INTO PROPLET (ID, SUR, CORE) VALUES (37, 'fish', 'fish');
INSERT INTO PROPLET (ID, SUR, CORE) VALUES (38, 'baby', 'baby');
INSERT INTO PROPLET (ID, SUR, CORE) VALUES (39, 'bridge', 'bridge');
INSERT INTO PROPLET (ID, SUR, CORE) VALUES (40, 'dog', 'dog');
INSERT INTO PROPLET (ID, SUR, CORE) VALUES (41, 'he', 'he');
-- ADJ
INSERT INTO PROPLET (ID, SUR, CORE) VALUES (42, 'orange', 'orange');
INSERT INTO PROPLET (ID, SUR, CORE) VALUES (43, 'red', 'red');
INSERT INTO PROPLET (ID, SUR, CORE) VALUES (44, 'big', 'big');
INSERT INTO PROPLET (ID, SUR, CORE) VALUES (45, 'green', 'green');
INSERT INTO PROPLET (ID, SUR, CORE) VALUES (46, 'round', 'round');
INSERT INTO PROPLET (ID, SUR, CORE) VALUES (47, 'blue', 'blue');
INSERT INTO PROPLET (ID, SUR, CORE) VALUES (48, 'yellow', 'yellow');
INSERT INTO PROPLET (ID, SUR, CORE) VALUES (49, 'hot', 'hot');

-- VERBS
INSERT INTO SEMANTIC_RELATION (SEMANTIC_ID, PROPLET_ID) VALUES (11, 1);
INSERT INTO SEMANTIC_RELATION (SEMANTIC_ID, PROPLET_ID) VALUES (15, 2);
INSERT INTO SEMANTIC_RELATION (SEMANTIC_ID, PROPLET_ID) VALUES (5, 3);
INSERT INTO SEMANTIC_RELATION (SEMANTIC_ID, PROPLET_ID) VALUES (12, 4);
-- NOUNS
INSERT INTO SEMANTIC_RELATION (SEMANTIC_ID, PROPLET_ID) VALUES (10, 5);
INSERT INTO SEMANTIC_RELATION (SEMANTIC_ID, PROPLET_ID) VALUES (14, 5);
INSERT INTO SEMANTIC_RELATION (SEMANTIC_ID, PROPLET_ID) VALUES (1, 5);
INSERT INTO SEMANTIC_RELATION (SEMANTIC_ID, PROPLET_ID) VALUES (3, 5);
INSERT INTO SEMANTIC_RELATION (SEMANTIC_ID, PROPLET_ID) VALUES (6, 6);
INSERT INTO SEMANTIC_RELATION (SEMANTIC_ID, PROPLET_ID) VALUES (7, 7);
INSERT INTO SEMANTIC_RELATION (SEMANTIC_ID, PROPLET_ID) VALUES (14, 8);
INSERT INTO SEMANTIC_RELATION (SEMANTIC_ID, PROPLET_ID) VALUES (18, 9);
INSERT INTO SEMANTIC_RELATION (SEMANTIC_ID, PROPLET_ID) VALUES (14, 9);
INSERT INTO SEMANTIC_RELATION (SEMANTIC_ID, PROPLET_ID) VALUES (17, 9);
INSERT INTO SEMANTIC_RELATION (SEMANTIC_ID, PROPLET_ID) VALUES (14, 10);
INSERT INTO SEMANTIC_RELATION (SEMANTIC_ID, PROPLET_ID) VALUES (8, 11);
INSERT INTO SEMANTIC_RELATION (SEMANTIC_ID, PROPLET_ID) VALUES (1, 12);
INSERT INTO SEMANTIC_RELATION (SEMANTIC_ID, PROPLET_ID) VALUES (3, 12);
INSERT INTO SEMANTIC_RELATION (SEMANTIC_ID, PROPLET_ID) VALUES (6, 13);
INSERT INTO SEMANTIC_RELATION (SEMANTIC_ID, PROPLET_ID) VALUES (7, 14);
INSERT INTO SEMANTIC_RELATION (SEMANTIC_ID, PROPLET_ID) VALUES (6, 15);
INSERT INTO SEMANTIC_RELATION (SEMANTIC_ID, PROPLET_ID) VALUES (13, 16);
INSERT INTO SEMANTIC_RELATION (SEMANTIC_ID, PROPLET_ID) VALUES (7, 17);
INSERT INTO SEMANTIC_RELATION (SEMANTIC_ID, PROPLET_ID) VALUES (17, 18);
INSERT INTO SEMANTIC_RELATION (SEMANTIC_ID, PROPLET_ID) VALUES (14, 18);
INSERT INTO SEMANTIC_RELATION (SEMANTIC_ID, PROPLET_ID) VALUES (18, 19);
INSERT INTO SEMANTIC_RELATION (SEMANTIC_ID, PROPLET_ID) VALUES (14, 19);
INSERT INTO SEMANTIC_RELATION (SEMANTIC_ID, PROPLET_ID) VALUES (17, 19);
INSERT INTO SEMANTIC_RELATION (SEMANTIC_ID, PROPLET_ID) VALUES (7, 20);
INSERT INTO SEMANTIC_RELATION (SEMANTIC_ID, PROPLET_ID) VALUES (8, 21);
INSERT INTO SEMANTIC_RELATION (SEMANTIC_ID, PROPLET_ID) VALUES (16, 22);
INSERT INTO SEMANTIC_RELATION (SEMANTIC_ID, PROPLET_ID) VALUES (14, 22);
INSERT INTO SEMANTIC_RELATION (SEMANTIC_ID, PROPLET_ID) VALUES (6, 23);
INSERT INTO SEMANTIC_RELATION (SEMANTIC_ID, PROPLET_ID) VALUES (16, 24);
INSERT INTO SEMANTIC_RELATION (SEMANTIC_ID, PROPLET_ID) VALUES (14, 24);
INSERT INTO SEMANTIC_RELATION (SEMANTIC_ID, PROPLET_ID) VALUES (6, 25);
INSERT INTO SEMANTIC_RELATION (SEMANTIC_ID, PROPLET_ID) VALUES (18, 26);
INSERT INTO SEMANTIC_RELATION (SEMANTIC_ID, PROPLET_ID) VALUES (14, 26);
INSERT INTO SEMANTIC_RELATION (SEMANTIC_ID, PROPLET_ID) VALUES (17, 26);
INSERT INTO SEMANTIC_RELATION (SEMANTIC_ID, PROPLET_ID) VALUES (17, 27);
INSERT INTO SEMANTIC_RELATION (SEMANTIC_ID, PROPLET_ID) VALUES (14, 27);
INSERT INTO SEMANTIC_RELATION (SEMANTIC_ID, PROPLET_ID) VALUES (10, 28);
INSERT INTO SEMANTIC_RELATION (SEMANTIC_ID, PROPLET_ID) VALUES (14, 28);
INSERT INTO SEMANTIC_RELATION (SEMANTIC_ID, PROPLET_ID) VALUES (13, 29);
INSERT INTO SEMANTIC_RELATION (SEMANTIC_ID, PROPLET_ID) VALUES (6, 30);
INSERT INTO SEMANTIC_RELATION (SEMANTIC_ID, PROPLET_ID) VALUES (13, 31);
INSERT INTO SEMANTIC_RELATION (SEMANTIC_ID, PROPLET_ID) VALUES (13, 32);
INSERT INTO SEMANTIC_RELATION (SEMANTIC_ID, PROPLET_ID) VALUES (7, 33);
INSERT INTO SEMANTIC_RELATION (SEMANTIC_ID, PROPLET_ID) VALUES (8, 34);
INSERT INTO SEMANTIC_RELATION (SEMANTIC_ID, PROPLET_ID) VALUES (6, 35);
INSERT INTO SEMANTIC_RELATION (SEMANTIC_ID, PROPLET_ID) VALUES (6, 36);
INSERT INTO SEMANTIC_RELATION (SEMANTIC_ID, PROPLET_ID) VALUES (7, 37);
INSERT INTO SEMANTIC_RELATION (SEMANTIC_ID, PROPLET_ID) VALUES (8, 37);
INSERT INTO SEMANTIC_RELATION (SEMANTIC_ID, PROPLET_ID) VALUES (6, 38);
INSERT INTO SEMANTIC_RELATION (SEMANTIC_ID, PROPLET_ID) VALUES (2, 39);
INSERT INTO SEMANTIC_RELATION (SEMANTIC_ID, PROPLET_ID) VALUES (3, 39);
INSERT INTO SEMANTIC_RELATION (SEMANTIC_ID, PROPLET_ID) VALUES (8, 40);
INSERT INTO SEMANTIC_RELATION (SEMANTIC_ID, PROPLET_ID) VALUES (6, 41);
-- ADJ
INSERT INTO SEMANTIC_RELATION (SEMANTIC_ID, PROPLET_ID) VALUES (4, 42);
INSERT INTO SEMANTIC_RELATION (SEMANTIC_ID, PROPLET_ID) VALUES (4, 43);
INSERT INTO SEMANTIC_RELATION (SEMANTIC_ID, PROPLET_ID) VALUES (4, 44);
INSERT INTO SEMANTIC_RELATION (SEMANTIC_ID, PROPLET_ID) VALUES (4, 45);
INSERT INTO SEMANTIC_RELATION (SEMANTIC_ID, PROPLET_ID) VALUES (4, 46);
INSERT INTO SEMANTIC_RELATION (SEMANTIC_ID, PROPLET_ID) VALUES (4, 47);
INSERT INTO SEMANTIC_RELATION (SEMANTIC_ID, PROPLET_ID) VALUES (4, 48);
INSERT INTO SEMANTIC_RELATION (SEMANTIC_ID, PROPLET_ID) VALUES (4, 49);

-- VERBS
INSERT INTO TOKEN (ID, TYPE_ID, PROPLET_ID) VALUES (1, 1, 1);
INSERT INTO TOKEN (ID, TYPE_ID, PROPLET_ID) VALUES (2, 2, 2);
INSERT INTO TOKEN (ID, TYPE_ID, PROPLET_ID) VALUES (3, 3, 3);
INSERT INTO TOKEN (ID, TYPE_ID, PROPLET_ID) VALUES (4, 4, 4);
-- NOUNS
INSERT INTO TOKEN (ID, TYPE_ID, PROPLET_ID) VALUES (5, 5, 5);
INSERT INTO TOKEN (ID, TYPE_ID, PROPLET_ID) VALUES (6, 6, 6);
INSERT INTO TOKEN (ID, TYPE_ID, PROPLET_ID) VALUES (7, 7, 7);
INSERT INTO TOKEN (ID, TYPE_ID, PROPLET_ID) VALUES (8, 8, 8);
INSERT INTO TOKEN (ID, TYPE_ID, PROPLET_ID) VALUES (9, 9, 9);
INSERT INTO TOKEN (ID, TYPE_ID, PROPLET_ID) VALUES (10, 10, 10);
INSERT INTO TOKEN (ID, TYPE_ID, PROPLET_ID) VALUES (11, 11, 11);
INSERT INTO TOKEN (ID, TYPE_ID, PROPLET_ID) VALUES (12, 12, 12);
INSERT INTO TOKEN (ID, TYPE_ID, PROPLET_ID) VALUES (13, 13, 13);
INSERT INTO TOKEN (ID, TYPE_ID, PROPLET_ID) VALUES (14, 14, 14);
INSERT INTO TOKEN (ID, TYPE_ID, PROPLET_ID) VALUES (15, 15, 15);
INSERT INTO TOKEN (ID, TYPE_ID, PROPLET_ID) VALUES (16, 16, 16);
INSERT INTO TOKEN (ID, TYPE_ID, PROPLET_ID) VALUES (17, 17, 17);
INSERT INTO TOKEN (ID, TYPE_ID, PROPLET_ID) VALUES (18, 18, 18);
INSERT INTO TOKEN (ID, TYPE_ID, PROPLET_ID) VALUES (19, 19, 19);
INSERT INTO TOKEN (ID, TYPE_ID, PROPLET_ID) VALUES (20, 20, 20);
INSERT INTO TOKEN (ID, TYPE_ID, PROPLET_ID) VALUES (21, 21, 21);
INSERT INTO TOKEN (ID, TYPE_ID, PROPLET_ID) VALUES (22, 22, 22);
INSERT INTO TOKEN (ID, TYPE_ID, PROPLET_ID) VALUES (23, 23, 23);
INSERT INTO TOKEN (ID, TYPE_ID, PROPLET_ID) VALUES (24, 24, 24);
INSERT INTO TOKEN (ID, TYPE_ID, PROPLET_ID) VALUES (25, 25, 25);
INSERT INTO TOKEN (ID, TYPE_ID, PROPLET_ID) VALUES (26, 26, 26);
INSERT INTO TOKEN (ID, TYPE_ID, PROPLET_ID) VALUES (27, 27, 27);
INSERT INTO TOKEN (ID, TYPE_ID, PROPLET_ID) VALUES (28, 28, 28);
INSERT INTO TOKEN (ID, TYPE_ID, PROPLET_ID) VALUES (29, 29, 29);
INSERT INTO TOKEN (ID, TYPE_ID, PROPLET_ID) VALUES (30, 30, 30);
INSERT INTO TOKEN (ID, TYPE_ID, PROPLET_ID) VALUES (31, 31, 31);
INSERT INTO TOKEN (ID, TYPE_ID, PROPLET_ID) VALUES (32, 32, 32);
INSERT INTO TOKEN (ID, TYPE_ID, PROPLET_ID) VALUES (33, 33, 33);
INSERT INTO TOKEN (ID, TYPE_ID, PROPLET_ID) VALUES (34, 34, 34);
INSERT INTO TOKEN (ID, TYPE_ID, PROPLET_ID) VALUES (35, 35, 35);
INSERT INTO TOKEN (ID, TYPE_ID, PROPLET_ID) VALUES (36, 36, 36);
INSERT INTO TOKEN (ID, TYPE_ID, PROPLET_ID) VALUES (37, 37, 37);
INSERT INTO TOKEN (ID, TYPE_ID, PROPLET_ID) VALUES (38, 38, 38);
INSERT INTO TOKEN (ID, TYPE_ID, PROPLET_ID) VALUES (39, 39, 39);
INSERT INTO TOKEN (ID, TYPE_ID, PROPLET_ID) VALUES (40, 40, 40);
INSERT INTO TOKEN (ID, TYPE_ID, PROPLET_ID) VALUES (41, 41, 41);
-- ADJ
INSERT INTO TOKEN (ID, TYPE_ID, PROPLET_ID) VALUES (42, 42, 42);
INSERT INTO TOKEN (ID, TYPE_ID, PROPLET_ID) VALUES (43, 43, 43);
INSERT INTO TOKEN (ID, TYPE_ID, PROPLET_ID) VALUES (44, 44, 44);
INSERT INTO TOKEN (ID, TYPE_ID, PROPLET_ID) VALUES (45, 45, 45);
INSERT INTO TOKEN (ID, TYPE_ID, PROPLET_ID) VALUES (46, 46, 46);
INSERT INTO TOKEN (ID, TYPE_ID, PROPLET_ID) VALUES (47, 47, 47);
INSERT INTO TOKEN (ID, TYPE_ID, PROPLET_ID) VALUES (48, 48, 48);
INSERT INTO TOKEN (ID, TYPE_ID, PROPLET_ID) VALUES (49, 49, 49);

INSERT INTO FRAME (ID, NAME) VALUES (1, 'SolidIngestionFrame');
INSERT INTO FRAME (ID, NAME) VALUES (2, 'SolidIngestionAnimalFrame');
INSERT INTO FRAME (ID, NAME) VALUES (3, 'SleepingFrame');
INSERT INTO FRAME (ID, NAME) VALUES (4, 'LiquidIngestionFrame');
INSERT INTO FRAME (ID, NAME) VALUES (5, 'ErgativeFrame');
INSERT INTO FRAME (ID, NAME) VALUES (6, 'BeingFrame');

-- VERBS
INSERT INTO FRAME_RELATION (TOKEN_ID, FRAME_ID) VALUES (1, 3);
INSERT INTO FRAME_RELATION (TOKEN_ID, FRAME_ID) VALUES (2, 6);
INSERT INTO FRAME_RELATION (TOKEN_ID, FRAME_ID) VALUES (3, 1);
INSERT INTO FRAME_RELATION (TOKEN_ID, FRAME_ID) VALUES (3, 2);
INSERT INTO FRAME_RELATION (TOKEN_ID, FRAME_ID) VALUES (4, 4);
-- NOUNS
INSERT INTO FRAME_RELATION (TOKEN_ID, FRAME_ID) VALUES (5, 1);
INSERT INTO FRAME_RELATION (TOKEN_ID, FRAME_ID) VALUES (5, 2);
INSERT INTO FRAME_RELATION (TOKEN_ID, FRAME_ID) VALUES (5, 3);
INSERT INTO FRAME_RELATION (TOKEN_ID, FRAME_ID) VALUES (5, 4);
INSERT INTO FRAME_RELATION (TOKEN_ID, FRAME_ID) VALUES (5, 5);
INSERT INTO FRAME_RELATION (TOKEN_ID, FRAME_ID) VALUES (5, 6);
INSERT INTO FRAME_RELATION (TOKEN_ID, FRAME_ID) VALUES (6, 1);
INSERT INTO FRAME_RELATION (TOKEN_ID, FRAME_ID) VALUES (6, 3);
INSERT INTO FRAME_RELATION (TOKEN_ID, FRAME_ID) VALUES (6, 4);
INSERT INTO FRAME_RELATION (TOKEN_ID, FRAME_ID) VALUES (6, 5);
INSERT INTO FRAME_RELATION (TOKEN_ID, FRAME_ID) VALUES (6, 6);
INSERT INTO FRAME_RELATION (TOKEN_ID, FRAME_ID) VALUES (7, 1);
INSERT INTO FRAME_RELATION (TOKEN_ID, FRAME_ID) VALUES (7, 2);
INSERT INTO FRAME_RELATION (TOKEN_ID, FRAME_ID) VALUES (7, 6);
INSERT INTO FRAME_RELATION (TOKEN_ID, FRAME_ID) VALUES (8, 5);
INSERT INTO FRAME_RELATION (TOKEN_ID, FRAME_ID) VALUES (9, 5);
INSERT INTO FRAME_RELATION (TOKEN_ID, FRAME_ID) VALUES (9, 6);
INSERT INTO FRAME_RELATION (TOKEN_ID, FRAME_ID) VALUES (10, 5);
INSERT INTO FRAME_RELATION (TOKEN_ID, FRAME_ID) VALUES (11, 2);
INSERT INTO FRAME_RELATION (TOKEN_ID, FRAME_ID) VALUES (11, 3);
INSERT INTO FRAME_RELATION (TOKEN_ID, FRAME_ID) VALUES (11, 4);
INSERT INTO FRAME_RELATION (TOKEN_ID, FRAME_ID) VALUES (11, 5);
INSERT INTO FRAME_RELATION (TOKEN_ID, FRAME_ID) VALUES (11, 6);
INSERT INTO FRAME_RELATION (TOKEN_ID, FRAME_ID) VALUES (12, 1);
INSERT INTO FRAME_RELATION (TOKEN_ID, FRAME_ID) VALUES (12, 2);
INSERT INTO FRAME_RELATION (TOKEN_ID, FRAME_ID) VALUES (12, 3);
INSERT INTO FRAME_RELATION (TOKEN_ID, FRAME_ID) VALUES (12, 4);
INSERT INTO FRAME_RELATION (TOKEN_ID, FRAME_ID) VALUES (13, 1);
INSERT INTO FRAME_RELATION (TOKEN_ID, FRAME_ID) VALUES (13, 3);
INSERT INTO FRAME_RELATION (TOKEN_ID, FRAME_ID) VALUES (13, 4);
INSERT INTO FRAME_RELATION (TOKEN_ID, FRAME_ID) VALUES (13, 5);
INSERT INTO FRAME_RELATION (TOKEN_ID, FRAME_ID) VALUES (13, 6);
INSERT INTO FRAME_RELATION (TOKEN_ID, FRAME_ID) VALUES (14, 1);
INSERT INTO FRAME_RELATION (TOKEN_ID, FRAME_ID) VALUES (14, 2);
INSERT INTO FRAME_RELATION (TOKEN_ID, FRAME_ID) VALUES (14, 6);
INSERT INTO FRAME_RELATION (TOKEN_ID, FRAME_ID) VALUES (15, 1);
INSERT INTO FRAME_RELATION (TOKEN_ID, FRAME_ID) VALUES (15, 3);
INSERT INTO FRAME_RELATION (TOKEN_ID, FRAME_ID) VALUES (15, 4);
INSERT INTO FRAME_RELATION (TOKEN_ID, FRAME_ID) VALUES (15, 5);
INSERT INTO FRAME_RELATION (TOKEN_ID, FRAME_ID) VALUES (15, 6);
INSERT INTO FRAME_RELATION (TOKEN_ID, FRAME_ID) VALUES (16, 4);
INSERT INTO FRAME_RELATION (TOKEN_ID, FRAME_ID) VALUES (16, 6);
INSERT INTO FRAME_RELATION (TOKEN_ID, FRAME_ID) VALUES (17, 1);
INSERT INTO FRAME_RELATION (TOKEN_ID, FRAME_ID) VALUES (17, 2);
INSERT INTO FRAME_RELATION (TOKEN_ID, FRAME_ID) VALUES (17, 6);
INSERT INTO FRAME_RELATION (TOKEN_ID, FRAME_ID) VALUES (18, 5);
INSERT INTO FRAME_RELATION (TOKEN_ID, FRAME_ID) VALUES (18, 6);
INSERT INTO FRAME_RELATION (TOKEN_ID, FRAME_ID) VALUES (19, 5);
INSERT INTO FRAME_RELATION (TOKEN_ID, FRAME_ID) VALUES (19, 6);
INSERT INTO FRAME_RELATION (TOKEN_ID, FRAME_ID) VALUES (20, 1);
INSERT INTO FRAME_RELATION (TOKEN_ID, FRAME_ID) VALUES (20, 2);
INSERT INTO FRAME_RELATION (TOKEN_ID, FRAME_ID) VALUES (20, 6);
INSERT INTO FRAME_RELATION (TOKEN_ID, FRAME_ID) VALUES (21, 2);
INSERT INTO FRAME_RELATION (TOKEN_ID, FRAME_ID) VALUES (21, 3);
INSERT INTO FRAME_RELATION (TOKEN_ID, FRAME_ID) VALUES (21, 4);
INSERT INTO FRAME_RELATION (TOKEN_ID, FRAME_ID) VALUES (21, 5);
INSERT INTO FRAME_RELATION (TOKEN_ID, FRAME_ID) VALUES (21, 6);
INSERT INTO FRAME_RELATION (TOKEN_ID, FRAME_ID) VALUES (22, 5);
INSERT INTO FRAME_RELATION (TOKEN_ID, FRAME_ID) VALUES (22, 6);
INSERT INTO FRAME_RELATION (TOKEN_ID, FRAME_ID) VALUES (23, 1);
INSERT INTO FRAME_RELATION (TOKEN_ID, FRAME_ID) VALUES (23, 3);
INSERT INTO FRAME_RELATION (TOKEN_ID, FRAME_ID) VALUES (23, 4);
INSERT INTO FRAME_RELATION (TOKEN_ID, FRAME_ID) VALUES (23, 5);
INSERT INTO FRAME_RELATION (TOKEN_ID, FRAME_ID) VALUES (23, 6);
INSERT INTO FRAME_RELATION (TOKEN_ID, FRAME_ID) VALUES (24, 5);
INSERT INTO FRAME_RELATION (TOKEN_ID, FRAME_ID) VALUES (24, 6);
INSERT INTO FRAME_RELATION (TOKEN_ID, FRAME_ID) VALUES (25, 1);
INSERT INTO FRAME_RELATION (TOKEN_ID, FRAME_ID) VALUES (25, 3);
INSERT INTO FRAME_RELATION (TOKEN_ID, FRAME_ID) VALUES (25, 4);
INSERT INTO FRAME_RELATION (TOKEN_ID, FRAME_ID) VALUES (25, 5);
INSERT INTO FRAME_RELATION (TOKEN_ID, FRAME_ID) VALUES (25, 6);
INSERT INTO FRAME_RELATION (TOKEN_ID, FRAME_ID) VALUES (26, 5);
INSERT INTO FRAME_RELATION (TOKEN_ID, FRAME_ID) VALUES (26, 6);
INSERT INTO FRAME_RELATION (TOKEN_ID, FRAME_ID) VALUES (27, 5);
INSERT INTO FRAME_RELATION (TOKEN_ID, FRAME_ID) VALUES (27, 6);
INSERT INTO FRAME_RELATION (TOKEN_ID, FRAME_ID) VALUES (28, 3);
INSERT INTO FRAME_RELATION (TOKEN_ID, FRAME_ID) VALUES (28, 5);
INSERT INTO FRAME_RELATION (TOKEN_ID, FRAME_ID) VALUES (28, 6);
INSERT INTO FRAME_RELATION (TOKEN_ID, FRAME_ID) VALUES (29, 4);
INSERT INTO FRAME_RELATION (TOKEN_ID, FRAME_ID) VALUES (29, 6);
INSERT INTO FRAME_RELATION (TOKEN_ID, FRAME_ID) VALUES (30, 1);
INSERT INTO FRAME_RELATION (TOKEN_ID, FRAME_ID) VALUES (30, 3);
INSERT INTO FRAME_RELATION (TOKEN_ID, FRAME_ID) VALUES (30, 4);
INSERT INTO FRAME_RELATION (TOKEN_ID, FRAME_ID) VALUES (30, 5);
INSERT INTO FRAME_RELATION (TOKEN_ID, FRAME_ID) VALUES (30, 6);
INSERT INTO FRAME_RELATION (TOKEN_ID, FRAME_ID) VALUES (31, 4);
INSERT INTO FRAME_RELATION (TOKEN_ID, FRAME_ID) VALUES (31, 6);
INSERT INTO FRAME_RELATION (TOKEN_ID, FRAME_ID) VALUES (32, 4);
INSERT INTO FRAME_RELATION (TOKEN_ID, FRAME_ID) VALUES (32, 6);
INSERT INTO FRAME_RELATION (TOKEN_ID, FRAME_ID) VALUES (33, 1);
INSERT INTO FRAME_RELATION (TOKEN_ID, FRAME_ID) VALUES (33, 2);
INSERT INTO FRAME_RELATION (TOKEN_ID, FRAME_ID) VALUES (33, 6);
INSERT INTO FRAME_RELATION (TOKEN_ID, FRAME_ID) VALUES (34, 2);
INSERT INTO FRAME_RELATION (TOKEN_ID, FRAME_ID) VALUES (34, 3);
INSERT INTO FRAME_RELATION (TOKEN_ID, FRAME_ID) VALUES (34, 4);
INSERT INTO FRAME_RELATION (TOKEN_ID, FRAME_ID) VALUES (34, 5);
INSERT INTO FRAME_RELATION (TOKEN_ID, FRAME_ID) VALUES (34, 6);
INSERT INTO FRAME_RELATION (TOKEN_ID, FRAME_ID) VALUES (35, 1);
INSERT INTO FRAME_RELATION (TOKEN_ID, FRAME_ID) VALUES (35, 3);
INSERT INTO FRAME_RELATION (TOKEN_ID, FRAME_ID) VALUES (35, 4);
INSERT INTO FRAME_RELATION (TOKEN_ID, FRAME_ID) VALUES (35, 5);
INSERT INTO FRAME_RELATION (TOKEN_ID, FRAME_ID) VALUES (35, 6);
INSERT INTO FRAME_RELATION (TOKEN_ID, FRAME_ID) VALUES (36, 1);
INSERT INTO FRAME_RELATION (TOKEN_ID, FRAME_ID) VALUES (36, 3);
INSERT INTO FRAME_RELATION (TOKEN_ID, FRAME_ID) VALUES (36, 4);
INSERT INTO FRAME_RELATION (TOKEN_ID, FRAME_ID) VALUES (36, 5);
INSERT INTO FRAME_RELATION (TOKEN_ID, FRAME_ID) VALUES (36, 6);
INSERT INTO FRAME_RELATION (TOKEN_ID, FRAME_ID) VALUES (37, 1);
INSERT INTO FRAME_RELATION (TOKEN_ID, FRAME_ID) VALUES (37, 2);
INSERT INTO FRAME_RELATION (TOKEN_ID, FRAME_ID) VALUES (37, 3);
INSERT INTO FRAME_RELATION (TOKEN_ID, FRAME_ID) VALUES (37, 4);
INSERT INTO FRAME_RELATION (TOKEN_ID, FRAME_ID) VALUES (37, 5);
INSERT INTO FRAME_RELATION (TOKEN_ID, FRAME_ID) VALUES (37, 6);
INSERT INTO FRAME_RELATION (TOKEN_ID, FRAME_ID) VALUES (38, 1);
INSERT INTO FRAME_RELATION (TOKEN_ID, FRAME_ID) VALUES (38, 3);
INSERT INTO FRAME_RELATION (TOKEN_ID, FRAME_ID) VALUES (38, 4);
INSERT INTO FRAME_RELATION (TOKEN_ID, FRAME_ID) VALUES (38, 5);
INSERT INTO FRAME_RELATION (TOKEN_ID, FRAME_ID) VALUES (38, 6);
INSERT INTO FRAME_RELATION (TOKEN_ID, FRAME_ID) VALUES (39, 1);
INSERT INTO FRAME_RELATION (TOKEN_ID, FRAME_ID) VALUES (39, 2);
INSERT INTO FRAME_RELATION (TOKEN_ID, FRAME_ID) VALUES (39, 3);
INSERT INTO FRAME_RELATION (TOKEN_ID, FRAME_ID) VALUES (39, 4);
INSERT INTO FRAME_RELATION (TOKEN_ID, FRAME_ID) VALUES (40, 2);
INSERT INTO FRAME_RELATION (TOKEN_ID, FRAME_ID) VALUES (40, 3);
INSERT INTO FRAME_RELATION (TOKEN_ID, FRAME_ID) VALUES (40, 4);
INSERT INTO FRAME_RELATION (TOKEN_ID, FRAME_ID) VALUES (40, 5);
INSERT INTO FRAME_RELATION (TOKEN_ID, FRAME_ID) VALUES (40, 6);
INSERT INTO FRAME_RELATION (TOKEN_ID, FRAME_ID) VALUES (41, 1);
INSERT INTO FRAME_RELATION (TOKEN_ID, FRAME_ID) VALUES (41, 3);
INSERT INTO FRAME_RELATION (TOKEN_ID, FRAME_ID) VALUES (41, 4);
INSERT INTO FRAME_RELATION (TOKEN_ID, FRAME_ID) VALUES (41, 5);
INSERT INTO FRAME_RELATION (TOKEN_ID, FRAME_ID) VALUES (41, 6);
-- ADJ
INSERT INTO FRAME_RELATION (TOKEN_ID, FRAME_ID) VALUES (42, 1);
INSERT INTO FRAME_RELATION (TOKEN_ID, FRAME_ID) VALUES (43, 1);
INSERT INTO FRAME_RELATION (TOKEN_ID, FRAME_ID) VALUES (44, 1);
INSERT INTO FRAME_RELATION (TOKEN_ID, FRAME_ID) VALUES (45, 1);
INSERT INTO FRAME_RELATION (TOKEN_ID, FRAME_ID) VALUES (46, 1);
INSERT INTO FRAME_RELATION (TOKEN_ID, FRAME_ID) VALUES (47, 1);
INSERT INTO FRAME_RELATION (TOKEN_ID, FRAME_ID) VALUES (48, 1);
INSERT INTO FRAME_RELATION (TOKEN_ID, FRAME_ID) VALUES (49, 1);
